{"stats":{"minecraft:custom":{"minecraft:time_since_rest":96760,"minecraft:open_chest":1,"minecraft:play_one_minute":96760,"minecraft:crouch_one_cm":2432,"minecraft:sprint_one_cm":28292,"minecraft:walk_one_cm":90569,"minecraft:sneak_time":3691,"minecraft:bell_ring":1,"minecraft:walk_under_water_one_cm":319,"minecraft:jump":138,"minecraft:leave_game":1,"minecraft:time_since_death":96760,"minecraft:walk_on_water_one_cm":155,"minecraft:climb_one_cm":532,"minecraft:swim_one_cm":634,"minecraft:fly_one_cm":657652},"minecraft:used":{"minecraft:andesite_wall":31,"minecraft:smooth_quartz_stairs":114,"minecraft:oak_leaves":2,"minecraft:light_blue_stained_glass_pane":31,"minecraft:lever":1,"minecraft:dirt":1,"minecraft:birch_planks":139,"minecraft:light_gray_concrete":501,"minecraft:black_stained_glass_pane":38,"minecraft:grass_block":109,"minecraft:acacia_leaves":37,"minecraft:smooth_stone_slab":8,"minecraft:gray_concrete":777,"minecraft:white_concrete":1013,"minecraft:infested_stone_bricks":1,"minecraft:light_blue_stained_glass":208,"minecraft:gravel":7}},"DataVersion":2586}