{"stats":{"minecraft:dropped":{"minecraft:cyan_terracotta":2,"minecraft:diamond_sword":1,"minecraft:diamond_chestplate":1,"minecraft:diamond_leggings":1,"minecraft:diamond_helmet":1,"minecraft:diamond_boots":1},"minecraft:picked_up":{"minecraft:iron_door":2,"minecraft:torch":3,"minecraft:potion":2,"minecraft:redstone":2,"minecraft:stone_pressure_plate":1,"minecraft:lever":7,"minecraft:cyan_terracotta":2},"minecraft:custom":{"minecraft:time_since_rest":159268,"minecraft:sprint_one_cm":7494,"minecraft:walk_one_cm":478653,"minecraft:drop":7,"minecraft:fly_one_cm":826624,"minecraft:open_chest":8,"minecraft:play_one_minute":159268,"minecraft:crouch_one_cm":1373,"minecraft:sneak_time":456,"minecraft:bell_ring":1,"minecraft:jump":559,"minecraft:leave_game":3,"minecraft:time_since_death":159268,"minecraft:climb_one_cm":3672},"minecraft:used":{"minecraft:birch_door":4,"minecraft:sticky_piston":22,"minecraft:glass":110,"minecraft:lever":16,"minecraft:black_concrete":8,"minecraft:cyan_terracotta":1740,"minecraft:iron_bars":107,"minecraft:daylight_detector":3,"minecraft:red_wool":15,"minecraft:armor_stand":5,"minecraft:redstone":20,"minecraft:polished_andesite_stairs":29,"minecraft:ladder":18,"minecraft:stone_button":2,"minecraft:blue_wool":168,"minecraft:redstone_block":19,"minecraft:iron_door":27,"minecraft:quartz_stairs":50,"minecraft:bell":4,"minecraft:oak_leaves":3,"minecraft:oak_door":5,"minecraft:white_wool":18,"minecraft:torch":68,"minecraft:glowstone":174,"minecraft:potion":4,"minecraft:glass_pane":7,"minecraft:stone_pressure_plate":21,"minecraft:white_concrete":125,"minecraft:lingering_potion":28}},"DataVersion":2586}