{"stats":{"minecraft:picked_up":{"minecraft:jungle_button":2},"minecraft:dropped":{"minecraft:dark_oak_planks":1},"minecraft:used":{"minecraft:smooth_sandstone_stairs":30,"minecraft:dark_oak_planks":22,"minecraft:black_wool":12,"minecraft:black_concrete":31,"minecraft:dirt":7,"minecraft:bow":17,"minecraft:anvil":1,"minecraft:daylight_detector":1,"minecraft:cut_sandstone_slab":12,"minecraft:command_block":1,"minecraft:jungle_button":8,"minecraft:grass_block":11,"minecraft:redstone":3,"minecraft:white_stained_glass":17,"minecraft:smooth_stone_slab":60,"minecraft:sandstone":8,"minecraft:cut_sandstone":37,"minecraft:dark_oak_door":2},"minecraft:custom":{"minecraft:time_since_rest":25998,"minecraft:play_one_minute":25998,"minecraft:crouch_one_cm":5168,"minecraft:sprint_one_cm":19036,"minecraft:walk_one_cm":29864,"minecraft:sneak_time":1918,"minecraft:interact_with_anvil":1,"minecraft:drop":1,"minecraft:jump":233,"minecraft:leave_game":1,"minecraft:time_since_death":25998,"minecraft:climb_one_cm":195,"minecraft:fly_one_cm":112877}},"DataVersion":2586}