{"stats":{"minecraft:custom":{"minecraft:inspect_hopper":3,"minecraft:fill_cauldron":4,"minecraft:bell_ring":137,"minecraft:leave_game":188,"minecraft:time_since_death":2594737,"minecraft:climb_one_cm":53972,"minecraft:sprint_one_cm":2631335,"minecraft:walk_one_cm":4053536,"minecraft:drop":40,"minecraft:sneak_time":142633,"minecraft:walk_under_water_one_cm":7063,"minecraft:jump":13635,"minecraft:interact_with_blast_furnace":2,"minecraft:walk_on_water_one_cm":46067,"minecraft:interact_with_furnace":1,"minecraft:tune_noteblock":95,"minecraft:play_one_minute":2594737,"minecraft:pot_flower":47,"minecraft:interact_with_grindstone":1,"minecraft:sleep_in_bed":3,"minecraft:time_since_rest":728595,"minecraft:open_enderchest":9,"minecraft:trigger_trapped_chest":15,"minecraft:swim_one_cm":1554,"minecraft:fly_one_cm":13875973,"minecraft:open_chest":97,"minecraft:crouch_one_cm":317343,"minecraft:aviate_one_cm":191830},"minecraft:used":{"minecraft:oak_fence":1320,"minecraft:oak_trapdoor":165,"minecraft:light_blue_banner":25,"minecraft:light_blue_stained_glass_pane":365,"minecraft:jungle_leaves":1,"minecraft:iron_bars":500,"minecraft:flint_and_steel":46,"minecraft:white_tulip":8,"minecraft:smooth_quartz_slab":7,"minecraft:armor_stand":21,"minecraft:red_concrete":927,"minecraft:spruce_slab":11,"minecraft:redstone":302,"minecraft:poppy":31,"minecraft:ladder":131,"minecraft:oak_sign":28,"minecraft:light_gray_carpet":9,"minecraft:black_carpet":45,"minecraft:white_concrete_powder":6,"minecraft:spruce_planks":506,"minecraft:chest":195,"minecraft:ender_chest":2,"minecraft:stone":518,"minecraft:quartz_stairs":259,"minecraft:wooden_shovel":1,"minecraft:bell":24,"minecraft:oak_door":58,"minecraft:torch":657,"minecraft:dirt":422,"minecraft:white_carpet":60,"minecraft:hopper":5,"minecraft:brick_slab":16,"minecraft:spruce_stairs":135,"minecraft:allium":20,"minecraft:yellow_carpet":17,"minecraft:acacia_button":1,"minecraft:light_blue_stained_glass":50,"minecraft:spruce_fence":31,"minecraft:blue_concrete":242,"minecraft:oak_fence_gate":3,"minecraft:obsidian":24,"minecraft:birch_door":5,"minecraft:glass":49,"minecraft:sea_lantern":152,"minecraft:cyan_terracotta":1291,"minecraft:bricks":591,"minecraft:quartz_pillar":60,"minecraft:black_stained_glass_pane":919,"minecraft:quartz_slab":300,"minecraft:grass_block":1217,"minecraft:iron_block":347,"minecraft:oak_stairs":230,"minecraft:blue_orchid":16,"minecraft:brick_stairs":109,"minecraft:slime_block":12,"minecraft:polished_andesite_stairs":4,"minecraft:quartz_block":555,"minecraft:dark_oak_leaves":1474,"minecraft:smooth_quartz":10,"minecraft:stone_brick_stairs":685,"minecraft:item_frame":18,"minecraft:repeater":184,"minecraft:glowstone":141,"minecraft:red_carpet":53,"minecraft:snow":6,"minecraft:gray_glazed_terracotta":35,"minecraft:scaffolding":5,"minecraft:iron_trapdoor":23,"minecraft:oak_sapling":453,"minecraft:furnace":9,"minecraft:white_stained_glass_pane":5,"minecraft:gray_bed":6,"minecraft:gold_block":31,"minecraft:trapped_chest":2,"minecraft:stone_pressure_plate":27,"minecraft:observer":7,"minecraft:large_fern":5,"minecraft:light_blue_carpet":46,"minecraft:water_bucket":1208,"minecraft:light_blue_glazed_terracotta":109,"minecraft:spruce_door":5,"minecraft:snow_block":9,"minecraft:birch_planks":1079,"minecraft:birch_leaves":1,"minecraft:oak_planks":1949,"minecraft:cut_sandstone":1,"minecraft:black_glazed_terracotta":37,"minecraft:redstone_block":13,"minecraft:cauldron":111,"minecraft:spruce_fence_gate":5,"minecraft:smooth_quartz_stairs":54,"minecraft:oak_leaves":236,"minecraft:white_wool":499,"minecraft:pink_concrete":136,"minecraft:infested_chiseled_stone_bricks":71,"minecraft:oak_slab":175,"minecraft:light_blue_concrete":185,"minecraft:tnt":42,"minecraft:red_bed":6,"minecraft:magenta_bed":1,"minecraft:blast_furnace":14,"minecraft:light_blue_wool":30,"minecraft:birch_sign":17,"minecraft:black_banner":46,"minecraft:yellow_stained_glass_pane":78,"minecraft:yellow_concrete":375,"minecraft:acacia_leaves":204,"minecraft:white_bed":3,"minecraft:gray_concrete":2148,"minecraft:lingering_potion":81,"minecraft:note_block":17,"minecraft:black_bed":23,"minecraft:painting":5,"minecraft:infested_stone_bricks":1905,"minecraft:dark_oak_door":78,"minecraft:birch_fence":6,"minecraft:redstone_torch":65,"minecraft:oak_log":167,"minecraft:sticky_piston":45,"minecraft:piston":10,"minecraft:blue_glazed_terracotta":80,"minecraft:lever":78,"minecraft:green_concrete":52,"minecraft:flower_pot":57,"minecraft:cornflower":12,"minecraft:black_concrete":1073,"minecraft:oxeye_daisy":9,"minecraft:firework_rocket":7,"minecraft:daylight_detector":1,"minecraft:command_block":17,"minecraft:gray_stained_glass_pane":85,"minecraft:lime_carpet":22,"minecraft:light_gray_concrete":1415,"minecraft:oak_button":1,"minecraft:barrier":8,"minecraft:stone_button":35,"minecraft:map":17,"minecraft:spruce_trapdoor":36,"minecraft:oak_pressure_plate":32,"minecraft:iron_door":17,"minecraft:gravel":57,"minecraft:polished_andesite_slab":35,"minecraft:green_carpet":4,"minecraft:potion":58,"minecraft:white_banner":10,"minecraft:grindstone":1,"minecraft:crimson_door":2,"minecraft:red_banner":20,"minecraft:andesite":362,"minecraft:glass_pane":431,"minecraft:smooth_stone_slab":3114,"minecraft:white_concrete":8097,"minecraft:dandelion":19,"minecraft:smooth_stone":405,"minecraft:bone_meal":74,"minecraft:cobweb":63,"minecraft:birch_stairs":225,"minecraft:gray_stained_glass":5},"minecraft:picked_up":{"minecraft:ladder":1,"minecraft:potion":1,"minecraft:string":9,"minecraft:smooth_stone_slab":4,"minecraft:item_frame":1,"minecraft:white_carpet":1,"minecraft:blue_orchid":1,"minecraft:redstone_torch":12,"minecraft:poppy":5,"minecraft:quartz_stairs":1,"minecraft:birch_sapling":3,"minecraft:dark_oak_door":3,"minecraft:dark_oak_sapling":1,"minecraft:stick":13,"minecraft:oak_door":2,"minecraft:oak_fence":19,"minecraft:torch":31,"minecraft:stone_button":2,"minecraft:redstone":8,"minecraft:stone_pressure_plate":2,"minecraft:lime_carpet":4,"minecraft:peony":2,"minecraft:cyan_terracotta":3,"minecraft:black_banner":1,"minecraft:obsidian":1,"minecraft:birch_log":2,"minecraft:repeater":13,"minecraft:andesite":2,"minecraft:gray_concrete":1,"minecraft:dirt":135,"minecraft:glass":1,"minecraft:red_carpet":5,"minecraft:light_blue_banner":1,"minecraft:apple":3,"minecraft:wheat_seeds":2,"minecraft:bell":2,"minecraft:grass_block":1,"minecraft:yellow_carpet":4,"minecraft:lever":9,"minecraft:white_concrete":1,"minecraft:oak_button":1,"minecraft:oak_sapling":10,"minecraft:oak_leaves":1,"minecraft:hopper":1},"minecraft:dropped":{"minecraft:water_bucket":1,"minecraft:wheat_seeds":1,"minecraft:oak_fence":2,"minecraft:black_banner":1,"minecraft:grass_block":3,"minecraft:stick":2,"minecraft:cyan_terracotta":3,"minecraft:gray_concrete":1,"minecraft:white_concrete":1,"minecraft:potion":4,"minecraft:birch_log":1,"minecraft:redstone":2,"minecraft:oak_door":1,"minecraft:dark_oak_door":1,"minecraft:birch_sapling":3,"minecraft:obsidian":1,"minecraft:glass_pane":1,"minecraft:infested_stone_bricks":2,"minecraft:andesite":2,"minecraft:quartz_stairs":1,"minecraft:hopper":2,"minecraft:oak_sapling":2,"minecraft:redstone_torch":2,"minecraft:glass":1,"minecraft:oak_leaves":1}},"DataVersion":2586}