{"stats":{"minecraft:dropped":{"minecraft:cyan_terracotta":1,"minecraft:dirt":1},"minecraft:used":{"minecraft:black_concrete":12,"minecraft:cyan_terracotta":1,"minecraft:light_gray_stained_glass":97,"minecraft:quartz_slab":4,"minecraft:black_stained_glass_pane":42,"minecraft:oak_stairs":8,"minecraft:ladder":4,"minecraft:oak_planks":39,"minecraft:oak_sign":26,"minecraft:chest":30,"minecraft:stone":97,"minecraft:quartz_stairs":7,"minecraft:oak_door":3,"minecraft:bedrock":72,"minecraft:torch":13,"minecraft:dirt":33,"minecraft:hopper":27,"minecraft:furnace":20,"minecraft:yellow_concrete":158,"minecraft:smooth_stone_slab":232,"minecraft:white_concrete":279,"minecraft:dark_oak_door":5},"minecraft:picked_up":{"minecraft:wooden_axe":1,"minecraft:torch":1,"minecraft:black_stained_glass_pane":1,"minecraft:quartz_slab":1,"minecraft:oak_sign":1,"minecraft:black_concrete":1,"minecraft:chest":1,"minecraft:spruce_trapdoor":1,"minecraft:furnace":1},"minecraft:custom":{"minecraft:time_since_rest":21626,"minecraft:sprint_one_cm":57510,"minecraft:interact_with_furnace":4,"minecraft:walk_one_cm":111402,"minecraft:drop":2,"minecraft:inspect_hopper":10,"minecraft:fly_one_cm":218200,"minecraft:open_chest":71,"minecraft:play_one_minute":111431,"minecraft:crouch_one_cm":5156,"minecraft:deaths":1,"minecraft:sneak_time":3569,"minecraft:jump":280,"minecraft:leave_game":8,"minecraft:walk_on_water_one_cm":102,"minecraft:time_since_death":21555,"minecraft:climb_one_cm":2901}},"DataVersion":2586}