{"stats":{"minecraft:dropped":{"minecraft:oxeye_daisy":3,"minecraft:poppy":3,"minecraft:gray_concrete":1,"minecraft:birch_leaves":1,"minecraft:oak_trapdoor":1,"minecraft:white_concrete":1,"minecraft:oak_stairs":2,"minecraft:oak_planks":1,"minecraft:iron_bars":1,"minecraft:light_blue_stained_glass_pane":2,"minecraft:grass_block":4},"minecraft:picked_up":{"minecraft:birch_leaves":1,"minecraft:water_bucket":1,"minecraft:oak_stairs":2,"minecraft:grass_block":4,"minecraft:gray_concrete":1,"minecraft:oak_trapdoor":1,"minecraft:white_carpet":4,"minecraft:gray_carpet":1,"minecraft:light_blue_stained_glass_pane":2,"minecraft:painting":1,"minecraft:birch_sign":1,"minecraft:white_concrete":1,"minecraft:poppy":3,"minecraft:oak_planks":1,"minecraft:oxeye_daisy":3},"minecraft:custom":{"minecraft:time_since_rest":369223,"minecraft:open_enderchest":1,"minecraft:sprint_one_cm":27487,"minecraft:walk_one_cm":451631,"minecraft:drop":17,"minecraft:fly_one_cm":735227,"minecraft:crouch_one_cm":502,"minecraft:play_one_minute":369223,"minecraft:sneak_time":1511,"minecraft:bell_ring":30,"minecraft:walk_under_water_one_cm":720,"minecraft:pot_flower":11,"minecraft:jump":479,"minecraft:leave_game":6,"minecraft:walk_on_water_one_cm":1797,"minecraft:time_since_death":369223,"minecraft:climb_one_cm":5936,"minecraft:fall_one_cm":267},"minecraft:used":{"minecraft:oak_trapdoor":105,"minecraft:light_blue_stained_glass_pane":253,"minecraft:water_bucket":10,"minecraft:flower_pot":29,"minecraft:jungle_leaves":83,"minecraft:sea_lantern":6,"minecraft:iron_bars":91,"minecraft:oxeye_daisy":4,"minecraft:birch_leaves":21,"minecraft:quartz_slab":52,"minecraft:red_wool":24,"minecraft:black_stained_glass_pane":1,"minecraft:grass_block":25,"minecraft:oak_stairs":118,"minecraft:gray_carpet":2,"minecraft:ladder":10,"minecraft:poppy":9,"minecraft:oak_planks":490,"minecraft:quartz_block":51,"minecraft:black_carpet":1,"minecraft:quartz_stairs":26,"minecraft:stone_brick_stairs":155,"minecraft:item_frame":3,"minecraft:smooth_quartz_stairs":39,"minecraft:torch":2,"minecraft:potion":4,"minecraft:white_carpet":8,"minecraft:iron_trapdoor":14,"minecraft:oak_slab":7,"minecraft:magenta_bed":3,"minecraft:birch_sign":4,"minecraft:painting":34,"minecraft:gray_concrete":301,"minecraft:white_concrete":658,"minecraft:spruce_fence":8,"minecraft:smooth_stone":91,"minecraft:dark_oak_door":5}},"DataVersion":2586}